{
  "device": "cuda",
  "torch_model_fp32": "/home/asus/sebastian/pixel-sorcery/nafnet-realestate/BasicSR/experiments/NAFNet_RealEstate_Fast/models/net_g_12000.pth",
  "fp16_checkpoint": "/home/asus/sebastian/pixel-sorcery/nafnet-realestate/preview_sweeps/20251214_081713/models/net_g_12000_fp16.pth",
  "splits": [
    "val"
  ],
  "long_sides": [
    "1024",
    "1536",
    "2048",
    "full"
  ],
  "limit_per_split": 4,
  "channels_last": true,
  "optimize": true,
  "rss_baseline_mb": 623.76171875,
  "results": {
    "1024": {
      "long_side": "1024",
      "images": 4,
      "resolution_avg_megapixels": {
        "count": 4.0,
        "min": 0.698368,
        "p50": 0.699392,
        "p90": 0.699392,
        "max": 0.699392,
        "mean": 0.699136
      },
      "fp32_infer_s": {
        "count": 4.0,
        "min": 0.34266368099997635,
        "p50": 0.3443841230000544,
        "p90": 0.3443841230000544,
        "max": 0.3460191410013067,
        "mean": 0.34412482750030904
      },
      "fp16_infer_s": {
        "count": 4.0,
        "min": 0.22005566699954215,
        "p50": 0.22217107599863084,
        "p90": 0.22217107599863084,
        "max": 0.2238833049996174,
        "mean": 0.22202624100009416
      },
      "fp32_total_s": {
        "count": 4.0,
        "min": 0.34533326200107695,
        "p50": 0.34687483600282576,
        "p90": 0.34687483600282576,
        "max": 0.3493098529979761,
        "mean": 0.3470475485009956
      },
      "fp16_total_s": {
        "count": 4.0,
        "min": 0.2218347519992676,
        "p50": 0.22604331399998046,
        "p90": 0.22604331399998046,
        "max": 0.2267422639997676,
        "mean": 0.22512999924947508
      },
      "psnr_fp32_gt": {
        "count": 4.0,
        "min": 18.121054406471075,
        "p50": 19.397349443767457,
        "p90": 19.397349443767457,
        "max": 24.06158036722438,
        "mean": 20.067072365748064
      },
      "psnr_fp16_gt": {
        "count": 4.0,
        "min": 17.32089352089378,
        "p50": 18.774676275094507,
        "p90": 18.774676275094507,
        "max": 22.386835096689957,
        "mean": 19.04936307756403
      },
      "rss_mb": {
        "baseline": 623.76171875,
        "mean_after": 1555.1796875,
        "peak_seen": 1555.21875
      },
      "gpu_peak_mb": 1002.16162109375,
      "fp16_speedup_vs_fp32": 1.5499286298332777,
      "fp32_speedup_vs_full": 11.410117872841038,
      "fp16_speedup_vs_full": 11.677934814463747
    },
    "1536": {
      "long_side": "1536",
      "images": 4,
      "resolution_avg_megapixels": {
        "count": 4.0,
        "min": 1.571328,
        "p50": 1.572864,
        "p90": 1.572864,
        "max": 1.5744,
        "mean": 1.572864
      },
      "fp32_infer_s": {
        "count": 4.0,
        "min": 0.8086191510010394,
        "p50": 0.8198115220002364,
        "p90": 0.8198115220002364,
        "max": 17.60270969300109,
        "mean": 5.011661697250929
      },
      "fp16_infer_s": {
        "count": 4.0,
        "min": 0.5293588700005785,
        "p50": 0.5326070579976658,
        "p90": 0.5326070579976658,
        "max": 11.07277722699655,
        "mean": 3.166147120498863
      },
      "fp32_total_s": {
        "count": 4.0,
        "min": 0.8123704879981233,
        "p50": 0.824480281000433,
        "p90": 0.824480281000433,
        "max": 17.72111077199952,
        "mean": 5.044446747499933
      },
      "fp16_total_s": {
        "count": 4.0,
        "min": 0.5332981110004766,
        "p50": 0.5365159760003735,
        "p90": 0.5365159760003735,
        "max": 11.076101687001938,
        "mean": 3.1701352312511517
      },
      "psnr_fp32_gt": {
        "count": 4.0,
        "min": 18.669316242446893,
        "p50": 19.931805012717206,
        "p90": 19.931805012717206,
        "max": 23.051218527100616,
        "mean": 20.144694430051423
      },
      "psnr_fp16_gt": {
        "count": 4.0,
        "min": 17.548398245544178,
        "p50": 19.50179824978887,
        "p90": 19.50179824978887,
        "max": 22.239483518077616,
        "mean": 19.36842307894482
      },
      "rss_mb": {
        "baseline": 623.76171875,
        "mean_after": 1789.994140625,
        "peak_seen": 1820.2265625
      },
      "gpu_peak_mb": 67282.0908203125,
      "fp16_speedup_vs_fp32": 1.5828897099580401,
      "fp32_speedup_vs_full": 0.7834736424654203,
      "fp16_speedup_vs_full": 0.8189158212872277
    },
    "2048": {
      "long_side": "2048",
      "images": 4,
      "resolution_avg_megapixels": {
        "count": 4.0,
        "min": 2.793472,
        "p50": 2.797568,
        "p90": 2.797568,
        "max": 2.797568,
        "mean": 2.796544
      },
      "fp32_infer_s": {
        "count": 4.0,
        "min": 1.4868854750020546,
        "p50": 1.5002512339997338,
        "p90": 1.5002512339997338,
        "max": 1.5018006469981628,
        "mean": 1.4956828052499986
      },
      "fp16_infer_s": {
        "count": 4.0,
        "min": 0.9689610140012519,
        "p50": 0.9731299039995065,
        "p90": 0.9731299039995065,
        "max": 0.9780208720003429,
        "mean": 0.9723369612502211
      },
      "fp32_total_s": {
        "count": 4.0,
        "min": 1.5070775789972686,
        "p50": 1.520597896000254,
        "p90": 1.520597896000254,
        "max": 1.5207610040015425,
        "mean": 1.5161085777499466
      },
      "fp16_total_s": {
        "count": 4.0,
        "min": 0.9784603670013894,
        "p50": 0.9823888409991923,
        "p90": 0.9823888409991923,
        "max": 0.987636054000177,
        "mean": 0.9818524570000591
      },
      "psnr_fp32_gt": {
        "count": 4.0,
        "min": 18.950385971610487,
        "p50": 20.306812142712218,
        "p90": 20.306812142712218,
        "max": 23.950442669004666,
        "mean": 20.611590372635476
      },
      "psnr_fp16_gt": {
        "count": 4.0,
        "min": 17.68453621531527,
        "p50": 20.034886089383022,
        "p90": 20.034886089383022,
        "max": 22.476528356215958,
        "mean": 19.64627706702011
      },
      "rss_mb": {
        "baseline": 623.76171875,
        "mean_after": 1952.2373046875,
        "peak_seen": 1952.25
      },
      "gpu_peak_mb": 3671.8173828125,
      "fp16_speedup_vs_fp32": 1.538235061358631,
      "fp32_speedup_vs_full": 2.625225636724033,
      "fp16_speedup_vs_full": 2.666573495432809
    },
    "full": {
      "long_side": "full",
      "images": 4,
      "resolution_avg_megapixels": {
        "count": 4.0,
        "min": 7.2556,
        "p50": 7.2578,
        "p90": 7.2578,
        "max": 7.258899,
        "mean": 7.25752475
      },
      "fp32_infer_s": {
        "count": 4.0,
        "min": 3.9108626950001053,
        "p50": 3.9308582189987646,
        "p90": 3.9308582189987646,
        "max": 3.938907117000781,
        "mean": 3.9265048447496156
      },
      "fp16_infer_s": {
        "count": 4.0,
        "min": 2.587728351001715,
        "p50": 2.589946604999568,
        "p90": 2.589946604999568,
        "max": 2.6054453309989185,
        "mean": 2.5928079694995176
      },
      "fp32_total_s": {
        "count": 4.0,
        "min": 3.9675092679972295,
        "p50": 3.988372938001703,
        "p90": 3.988372938001703,
        "max": 3.996486815998651,
        "mean": 3.983739341999353
      },
      "fp16_total_s": {
        "count": 4.0,
        "min": 2.6319988060022297,
        "p50": 2.6354974229980144,
        "p90": 2.6354974229980144,
        "max": 2.6450925139979518,
        "mean": 2.636571183748856
      },
      "psnr_fp32_gt": {
        "count": 4.0,
        "min": 18.922895475551314,
        "p50": 21.20421463732925,
        "p90": 21.20421463732925,
        "max": 23.277631453691452,
        "mean": 20.60229250070336
      },
      "psnr_fp16_gt": {
        "count": 4.0,
        "min": 17.79983299198552,
        "p50": 20.350857302245892,
        "p90": 20.350857302245892,
        "max": 22.207070520192737,
        "mean": 19.7230294313362
      },