{
  "long_side": "full",
  "images": 4,
  "resolution_avg_megapixels": {
    "count": 4.0,
    "min": 7.2556,
    "p50": 7.2578,
    "p90": 7.2578,
    "max": 7.258899,
    "mean": 7.25752475
  },
  "fp32_infer_s": {
    "count": 4.0,
    "min": 3.9108626950001053,
    "p50": 3.9308582189987646,
    "p90": 3.9308582189987646,
    "max": 3.938907117000781,
    "mean": 3.9265048447496156
  },
  "fp16_infer_s": {
    "count": 4.0,
    "min": 2.587728351001715,
    "p50": 2.589946604999568,
    "p90": 2.589946604999568,
    "max": 2.6054453309989185,
    "mean": 2.5928079694995176
  },
  "fp32_total_s": {
    "count": 4.0,
    "min": 3.9675092679972295,
    "p50": 3.988372938001703,
    "p90": 3.988372938001703,
    "max": 3.996486815998651,
    "mean": 3.983739341999353
  },
  "fp16_total_s": {
    "count": 4.0,
    "min": 2.6319988060022297,
    "p50": 2.6354974229980144,
    "p90": 2.6354974229980144,
    "max": 2.6450925139979518,
    "mean": 2.636571183748856
  },
  "psnr_fp32_gt": {
    "count": 4.0,
    "min": 18.922895475551314,
    "p50": 21.20421463732925,
    "p90": 21.20421463732925,
    "max": 23.277631453691452,
    "mean": 20.60229250070336
  },
  "psnr_fp16_gt": {
    "count": 4.0,
    "min": 17.79983299198552,
    "p50": 20.350857302245892,
    "p90": 20.350857302245892,
    "max": 22.207070520192737,
    "mean": 19.7230294313362
  },
  "rss_mb": {
    "baseline": 623.76171875,
    "mean_after": 2314.62890625,
    "peak_seen": 2314.64453125
  },
  "gpu_peak_mb": 9345.865234375,
  "fp16_speedup_vs_fp32": 1.5143832057518465
}