{
  "long_side": "2048",
  "images": 4,
  "resolution_avg_megapixels": {
    "count": 4.0,
    "min": 2.793472,
    "p50": 2.797568,
    "p90": 2.797568,
    "max": 2.797568,
    "mean": 2.796544
  },
  "fp32_infer_s": {
    "count": 4.0,
    "min": 1.4868854750020546,
    "p50": 1.5002512339997338,
    "p90": 1.5002512339997338,
    "max": 1.5018006469981628,
    "mean": 1.4956828052499986
  },
  "fp16_infer_s": {
    "count": 4.0,
    "min": 0.9689610140012519,
    "p50": 0.9731299039995065,
    "p90": 0.9731299039995065,
    "max": 0.9780208720003429,
    "mean": 0.9723369612502211
  },
  "fp32_total_s": {
    "count": 4.0,
    "min": 1.5070775789972686,
    "p50": 1.520597896000254,
    "p90": 1.520597896000254,
    "max": 1.5207610040015425,
    "mean": 1.5161085777499466
  },
  "fp16_total_s": {
    "count": 4.0,
    "min": 0.9784603670013894,
    "p50": 0.9823888409991923,
    "p90": 0.9823888409991923,
    "max": 0.987636054000177,
    "mean": 0.9818524570000591
  },
  "psnr_fp32_gt": {
    "count": 4.0,
    "min": 18.950385971610487,
    "p50": 20.306812142712218,
    "p90": 20.306812142712218,
    "max": 23.950442669004666,
    "mean": 20.611590372635476
  },
  "psnr_fp16_gt": {
    "count": 4.0,
    "min": 17.68453621531527,
    "p50": 20.034886089383022,
    "p90": 20.034886089383022,
    "max": 22.476528356215958,
    "mean": 19.64627706702011
  },
  "rss_mb": {
    "baseline": 623.76171875,
    "mean_after": 1952.2373046875,
    "peak_seen": 1952.25
  },
  "gpu_peak_mb": 3671.8173828125,
  "fp16_speedup_vs_fp32": 1.538235061358631
}