{
  "long_side": "1024",
  "images": 4,
  "resolution_avg_megapixels": {
    "count": 4.0,
    "min": 0.698368,
    "p50": 0.699392,
    "p90": 0.699392,
    "max": 0.699392,
    "mean": 0.699136
  },
  "fp32_infer_s": {
    "count": 4.0,
    "min": 0.34266368099997635,
    "p50": 0.3443841230000544,
    "p90": 0.3443841230000544,
    "max": 0.3460191410013067,
    "mean": 0.34412482750030904
  },
  "fp16_infer_s": {
    "count": 4.0,
    "min": 0.22005566699954215,
    "p50": 0.22217107599863084,
    "p90": 0.22217107599863084,
    "max": 0.2238833049996174,
    "mean": 0.22202624100009416
  },
  "fp32_total_s": {
    "count": 4.0,
    "min": 0.34533326200107695,
    "p50": 0.34687483600282576,
    "p90": 0.34687483600282576,
    "max": 0.3493098529979761,
    "mean": 0.3470475485009956
  },
  "fp16_total_s": {
    "count": 4.0,
    "min": 0.2218347519992676,
    "p50": 0.22604331399998046,
    "p90": 0.22604331399998046,
    "max": 0.2267422639997676,
    "mean": 0.22512999924947508
  },
  "psnr_fp32_gt": {
    "count": 4.0,
    "min": 18.121054406471075,
    "p50": 19.397349443767457,
    "p90": 19.397349443767457,
    "max": 24.06158036722438,
    "mean": 20.067072365748064
  },
  "psnr_fp16_gt": {
    "count": 4.0,
    "min": 17.32089352089378,
    "p50": 18.774676275094507,
    "p90": 18.774676275094507,
    "max": 22.386835096689957,
    "mean": 19.04936307756403
  },
  "rss_mb": {
    "baseline": 623.76171875,
    "mean_after": 1555.1796875,
    "peak_seen": 1555.21875
  },
  "gpu_peak_mb": 1002.16162109375,
  "fp16_speedup_vs_fp32": 1.5499286298332777
}