{
  "long_side": "1536",
  "images": 4,
  "resolution_avg_megapixels": {
    "count": 4.0,
    "min": 1.571328,
    "p50": 1.572864,
    "p90": 1.572864,
    "max": 1.5744,
    "mean": 1.572864
  },
  "fp32_infer_s": {
    "count": 4.0,
    "min": 0.8086191510010394,
    "p50": 0.8198115220002364,
    "p90": 0.8198115220002364,
    "max": 17.60270969300109,
    "mean": 5.011661697250929
  },
  "fp16_infer_s": {
    "count": 4.0,
    "min": 0.5293588700005785,
    "p50": 0.5326070579976658,
    "p90": 0.5326070579976658,
    "max": 11.07277722699655,
    "mean": 3.166147120498863
  },
  "fp32_total_s": {
    "count": 4.0,
    "min": 0.8123704879981233,
    "p50": 0.824480281000433,
    "p90": 0.824480281000433,
    "max": 17.72111077199952,
    "mean": 5.044446747499933
  },
  "fp16_total_s": {
    "count": 4.0,
    "min": 0.5332981110004766,
    "p50": 0.5365159760003735,
    "p90": 0.5365159760003735,
    "max": 11.076101687001938,
    "mean": 3.1701352312511517
  },
  "psnr_fp32_gt": {
    "count": 4.0,
    "min": 18.669316242446893,
    "p50": 19.931805012717206,
    "p90": 19.931805012717206,
    "max": 23.051218527100616,
    "mean": 20.144694430051423
  },
  "psnr_fp16_gt": {
    "count": 4.0,
    "min": 17.548398245544178,
    "p50": 19.50179824978887,
    "p90": 19.50179824978887,
    "max": 22.239483518077616,
    "mean": 19.36842307894482
  },
  "rss_mb": {
    "baseline": 623.76171875,
    "mean_after": 1789.994140625,
    "peak_seen": 1820.2265625
  },
  "gpu_peak_mb": 67282.0908203125,
  "fp16_speedup_vs_fp32": 1.5828897099580401
}